{"cameraMode":{"drawMode":0,"name":"Shaded","section":"Shading Mode"},"sceneLighting":true,"audioPlay":false,"sceneViewState":{"m_AlwaysRefresh":false,"showFog":true,"showSkybox":true,"showFlares":true,"showImageEffects":true,"showParticleSystems":true,"showVisualEffectGraphs":true,"m_FxEnabled":false},"in2DMode":false,"pivot":{"x":142.5396270751953,"y":3.321714162826538,"z":-37.193267822265628},"rotation":{"x":0.00028645788552239537,"y":-0.7644881010055542,"z":-0.007224212400615215,"w":-0.645603597164154},"size":71.8555679321289,"orthographic":false}